[{"model": "kavarna.coffeepreparation", "pk": 3, "fields": {"name": "Cappuccino", "description": "Put together 1/3 of espresso (20\u201330 ml), 1/3 of milk and 1/3 of milk foam"}}, {"model": "kavarna.coffeepreparation", "pk": 4, "fields": {"name": "Espresso", "description": "Hot water is pressed over ground coffee beans"}}, {"model": "kavarna.coffeepreparation", "pk": 5, "fields": {"name": "Latt\u00e9 macchiato", "description": "Hot milk with espresso coffee layer and added milk foam on the top"}}, {"model": "kavarna.coffeepreparation", "pk": 6, "fields": {"name": "Caff\u00e9 latte", "description": "Espresso with hot milk"}}, {"model": "kavarna.coffeepreparation", "pk": 7, "fields": {"name": "Americano", "description": "Espresso with twice as much water"}}, {"model": "kavarna.coffeepreparation", "pk": 8, "fields": {"name": "Doppio", "description": "Double espresso"}}, {"model": "kavarna.coffeepreparation", "pk": 9, "fields": {"name": "Turkish coffee", "description": "Minced coffee are put together in the pot with hot water"}}, {"model": "kavarna.coffeepreparation", "pk": 10, "fields": {"name": "Irish coffee", "description": "Coffee, irish whiskey (cream) and whipped cream"}}, {"model": "kavarna.coffeepreparation", "pk": 11, "fields": {"name": "Algerian coffee", "description": "Coffee, egg liqueur and whipped cream"}}, {"model": "kavarna.coffeepreparation", "pk": 12, "fields": {"name": "Frapp\u00e9", "description": "Ice coffee with ice and sugar"}}, {"model": "kavarna.coffeepreparation", "pk": 13, "fields": {"name": "Moccacino", "description": "Chocolate coffee"}}, {"model": "kavarna.coffeebean", "pk": 4, "fields": {"name": "Arabica", "origin": "Marocco", "aroma": "Quite acid", "acidity": 7}}, {"model": "kavarna.coffeebean", "pk": 5, "fields": {"name": "Robusta", "origin": "Central Africa", "aroma": "Bitter", "acidity": 1}}, {"model": "kavarna.coffee", "pk": 8, "fields": {"name": "Chlupat\u00e9 kapu\u010d\u00edno", "place_of_origin": "\u017dabov\u0159esky", "quality": "Magnificentn\u00ed", "taste_description": "Jemn\u011b nasl\u00e1dl\u00e9", "preparation": 3}}, {"model": "kavarna.coffee", "pk": 9, "fields": {"name": "Vousat\u00e9 espresso", "place_of_origin": "Kom\u00edn", "quality": "Neskute\u010dn\u00e1", "taste_description": "N\u00e1dhern\u011b ho\u0159k\u00e9", "preparation": 4}}, {"model": "kavarna.coffee", "pk": 10, "fields": {"name": "Vlasat\u00e9 latt\u00e9", "place_of_origin": "Kr\u00e1lovo pole", "quality": "Mimo\u0159\u00e1dn\u00e9", "taste_description": "Ml\u00e9\u010dn\u011b jemn\u00e1", "preparation": 6}}, {"model": "kavarna.coffee", "pk": 11, "fields": {"name": "K\u00e1va", "place_of_origin": "Brno", "quality": "Dobr\u00e1", "taste_description": "k\u00e1vov\u00e1", "preparation": 7}}, {"model": "kavarna.coffee", "pk": 12, "fields": {"name": "Sko\u0159icov\u00e9 cappuccino", "place_of_origin": "Hv\u011bzdi\u010dkov", "quality": "P\u0159\u00edjemn\u00fd buket", "taste_description": "Vhodn\u00e9 pro sychrav\u00e9 podzimn\u00ed ve\u010dery", "preparation": 3}}, {"model": "kavarna.coffee", "pk": 13, "fields": {"name": "O\u0159\u00ed\u0161kov\u00e9 latt\u00e9", "place_of_origin": "Lesn\u00ed Hvozd", "quality": "Nezvykl\u00e1, ale mil\u00e1", "taste_description": "Temn\u00e1 o\u0159\u00ed\u0161kov\u00e1", "preparation": 6}}, {"model": "kavarna.coffeecontainsbeans", "pk": 13, "fields": {"coffee": 8, "coffeeBean": 4, "percentage": 80}}, {"model": "kavarna.coffeecontainsbeans", "pk": 14, "fields": {"coffee": 8, "coffeeBean": 5, "percentage": 20}}, {"model": "kavarna.coffeecontainsbeans", "pk": 15, "fields": {"coffee": 9, "coffeeBean": 4, "percentage": 60}}, {"model": "kavarna.coffeecontainsbeans", "pk": 16, "fields": {"coffee": 9, "coffeeBean": 5, "percentage": 40}}, {"model": "kavarna.coffeecontainsbeans", "pk": 17, "fields": {"coffee": 10, "coffeeBean": 4, "percentage": 90}}, {"model": "kavarna.coffeecontainsbeans", "pk": 18, "fields": {"coffee": 10, "coffeeBean": 5, "percentage": 10}}, {"model": "kavarna.coffeecontainsbeans", "pk": 19, "fields": {"coffee": 11, "coffeeBean": 4, "percentage": 30}}, {"model": "kavarna.coffeecontainsbeans", "pk": 20, "fields": {"coffee": 11, "coffeeBean": 5, "percentage": 70}}, {"model": "kavarna.coffeecontainsbeans", "pk": 21, "fields": {"coffee": 12, "coffeeBean": 4, "percentage": 60}}, {"model": "kavarna.coffeecontainsbeans", "pk": 22, "fields": {"coffee": 12, "coffeeBean": 5, "percentage": 40}}, {"model": "kavarna.coffeecontainsbeans", "pk": 23, "fields": {"coffee": 13, "coffeeBean": 4, "percentage": 90}}, {"model": "kavarna.coffeecontainsbeans", "pk": 24, "fields": {"coffee": 13, "coffeeBean": 5, "percentage": 10}}, {"model": "kavarna.cafe", "pk": 20, "fields": {"name": "U Chlupu", "street": "\u017dabov\u0159esk\u00e1", "housenumber": 36, "city": "Brno", "psc": "62100", "opensAt": "8:00", "closesAt": "19:00", "capacity": 35, "description": "P\u0159ij\u010fte k n\u00e1m a u\u017eijte si senzaci chuti k\u00e1vy z prvot\u0159\u00eddn\u00edch surovin. Na\u0161e k\u00e1va je mimo\u0159\u00e1dn\u00e1, n\u00e1\u0161 person\u00e1l jsou profesion\u00e1lov\u00e9, na\u0161imi hosty jste vy!", "owner": 4, "offers_coffee": [8, 9, 10]}}, {"model": "kavarna.cafe", "pk": 21, "fields": {"name": "iKav\u00e1rna", "street": "St\u0159edov\u00e1", "housenumber": 21, "city": "Brno", "psc": "60200", "opensAt": "6:00", "closesAt": "22:00", "capacity": 120, "description": "Internetov\u00e1 kav\u00e1rna pro v\u0161echny studenty a z\u00e1visl\u00e1ky. P\u0159ij\u010fte si k n\u00e1m vyp\u00edt kafe a zasurfovat si na hyperrychl\u00e9m internetu.", "owner": 5, "offers_coffee": [11]}}, {"model": "kavarna.cafe", "pk": 22, "fields": {"name": "Dobr\u00e9 r\u00e1no", "street": "Hv\u011bzdi\u010dkov\u00e1", "housenumber": 8, "city": "Slun\u00ed\u010dkov", "psc": "12345", "opensAt": "7:00", "closesAt": "20:00", "capacity": 50, "description": "P\u0159\u00edjemn\u00e9 a \u00fatuln\u00e9 prost\u0159ed\u00ed provon\u011bn\u00e9 sko\u0159ic\u00ed a vanilkou a \u010derstv\u011b mletou pra\u017eenou k\u00e1vou.", "owner": 7, "offers_coffee": [12, 13]}}, {"model": "kavarna.drinker", "pk": 1, "fields": {"key": 1, "admin": true, "fav_coffee": [], "fav_preparation": [], "likes_cafe": []}}, {"model": "kavarna.drinker", "pk": 2, "fields": {"key": 2, "admin": true, "fav_coffee": [], "fav_preparation": [], "likes_cafe": []}}, {"model": "kavarna.drinker", "pk": 3, "fields": {"key": 4, "admin": false, "fav_coffee": [], "fav_preparation": [], "likes_cafe": [20]}}, {"model": "kavarna.drinker", "pk": 4, "fields": {"key": 5, "admin": false, "fav_coffee": [], "fav_preparation": [], "likes_cafe": []}}, {"model": "kavarna.drinker", "pk": 5, "fields": {"key": 6, "admin": false, "fav_coffee": [], "fav_preparation": [], "likes_cafe": []}}, {"model": "kavarna.drinker", "pk": 6, "fields": {"key": 7, "admin": false, "fav_coffee": [], "fav_preparation": [], "likes_cafe": [20, 22]}}, {"model": "kavarna.event", "pk": 22, "fields": {"name": "P\u00e1te\u010dn\u00ed kolaudace chlupat\u00e9 nab\u00eddky", "price": 50, "capacity": 35, "place": 20, "participants": [5, 6], "coffee_list": []}}, {"model": "kavarna.event", "pk": 25, "fields": {"name": "Sobotn\u00ed dop\u00edjen\u00ed", "price": 30, "capacity": 20, "place": 20, "participants": [5], "coffee_list": []}}, {"model": "kavarna.event", "pk": 28, "fields": {"name": "Pond\u011bln\u00ed otv\u00edra\u010dka", "price": 40, "capacity": 35, "place": 20, "participants": [5, 7], "coffee_list": []}}, {"model": "kavarna.event", "pk": 29, "fields": {"name": "Marathon Star Wars", "price": 120, "capacity": 100, "place": 21, "participants": [5, 6], "coffee_list": [11]}}, {"model": "kavarna.event", "pk": 30, "fields": {"name": "Odpoledn\u00ed \u010d\u00edt\u00e1rna u k\u00e1vy", "price": 70, "capacity": 50, "place": 22, "participants": [], "coffee_list": []}}, {"model": "kavarna.reaction", "pk": 91, "fields": {"author": 2, "text": "budu moct smazat koment?", "date": "2018-11-30T19:03:24.382Z", "score": null, "cafe": null, "event": null, "react": null}}, {"model": "kavarna.reaction", "pk": 106, "fields": {"author": 4, "text": "", "date": "2018-12-01T10:21:29.673Z", "score": 5, "cafe": 20, "event": null, "react": null}}, {"model": "kavarna.reaction", "pk": 107, "fields": {"author": 4, "text": "Jako majitel mus\u00edm \u0159\u00edct, \u017ee se mi kav\u00e1rna velice l\u00edb\u00ed.", "date": "2018-12-01T10:22:11.095Z", "score": null, "cafe": 20, "event": null, "react": null}}, {"model": "kavarna.reaction", "pk": 108, "fields": {"author": 6, "text": "Organiz\u00e1to\u0159i byli naprost\u00ed amat\u00e9\u0159i a k\u00e1va se nedala ani p\u00edt.", "date": "2018-12-01T13:29:19.207Z", "score": null, "cafe": null, "event": 29, "react": null}}, {"model": "kavarna.reaction", "pk": 109, "fields": {"author": 6, "text": "Jak se \u0159\u00edk\u00e1: pochval se s\u00e1m, nikdo jin\u00fd to za tebe neud\u011bl\u00e1, \u017ee, Kolovrate?", "date": "2018-12-01T14:46:42.008Z", "score": null, "cafe": 20, "event": null, "react": 107}}, {"model": "kavarna.reaction", "pk": 112, "fields": {"author": 2, "text": "", "date": "2018-12-01T14:57:40.853Z", "score": 4, "cafe": 22, "event": null, "react": null}}]